{
    "test": {
        "accuracy": 0.7212493229824878,
        "precision": 0.9000748502994012,
        "recall": 0.6531776208582292,
        "fp": 267,
        "fn": 1277,
        "support": 3682,
        "log_loss": 8.491406855440516,
        "f1_score": 0.7570034623858986,
        "fh_score": 0.8368128044537229,
        "auroc": 0.7768858792004182
    },
    "train": {
        "log_loss": 0.2721698421239853,
        "lr": 0.0025
    },
    "step": 15
}
