{
  "metrics": {
    "accuracy": 0.5213268393476497,
    "precision": 0.5213268393476497,
    "recall": 1.0,
    "fp": 38919,
    "fn": 0,
    "support": 42387,
    "log_loss": 17.253129489226506,
    "f1_score": 0.6853581043389683,
    "fh_score": 0.5765197450565953,
    "auroc": 0.5
  },
  "timings": {
    "wall_time": 1.4304813659982756,
    "cpu_time": 1.4299744149999998,
    "tokens_per_sec": 778524.6466477512
  }
}
