{
  "accuracy": 0.520289990271466,
  "precision": 0.520289990271466,
  "recall": 1.0,
  "f1_score": 0.6844615087922298,
  "fh_score": 0.5755051018753556,
  "auroc": 0.5,
  "wall_time": 1.0344563340000001,
  "cpu_time": 1.0289110000000004,
  "tokens_per_sec": 993070.4334592047
}
