{
  "accuracy": 0.5213457288928987,
  "precision": 0.5213457288928987,
  "recall": 1.0,
  "f1_score": 0.6853744273792232,
  "fh_score": 0.5765382257336865,
  "auroc": 0.5,
  "wall_time": 0.9229449999999999,
  "cpu_time": 0.9221629999999998,
  "tokens_per_sec": 1134911.6144515655
}
