{
  "accuracy": 0.520289990271466,
  "precision": 0.520289990271466,
  "recall": 1.0,
  "f1_score": 0.6844615087922298,
  "fh_score": 0.5755051018753556,
  "auroc": 0.5,
  "wall_time": 0.9323921249999998,
  "cpu_time": 0.932105,
  "tokens_per_sec": 1101776.7873146723
}
