{
  "metrics": {
    "accuracy": 0.5213457288928987,
    "precision": 0.5213457288928987,
    "recall": 1.0,
    "fp": 36607,
    "fn": 0,
    "support": 39872,
    "log_loss": 17.252448641004868,
    "f1_score": 0.6853744273792232,
    "fh_score": 0.5765382257336865,
    "auroc": 0.5
  },
  "timings": {
    "wall_time": 0.9659934579999998,
    "cpu_time": 0.964928,
    "tokens_per_sec": 1084335.500748288
  }
}
