{
  "metrics": {
    "accuracy": 0.8212572925936913,
    "precision": 0.8039824382455985,
    "recall": 0.865779985195444,
    "fp": 8840,
    "fn": 5621,
    "support": 41879,
    "log_loss": 2.7345892171043515,
    "f1_score": 0.8337376547822987,
    "fh_score": 0.8156259700995631,
    "auroc": 0.8819182489977262
  },
  "timings": {
    "wall_time": 163.72648857299646,
    "cpu_time": 1308.878182838,
    "tokens_per_sec": 6771.225656047247
  }
}
