{"accuracy": 0.9744649417515995, "precision": 0.9832076764907471, "recall": 0.8731257523108719, "f1_score": 0.924902745265974, "auroc": 0.9349251135297477, "wall_time": 5.7897789478302, "cpu_time": 5.772115269, "token_to_sec": 442235.70935459685}