{
  "accuracy": 0.9744649417515995,
  "precision": 0.9832076764907471,
  "recall": 0.8731257523108719,
  "f1_score": 0.924902745265974,
  "auroc": 0.9349251135297477,
  "wall_time": 6.530404329299927,
  "cpu_time": 6.510178262999999,
  "token_per_sec": 392080.9295853333
}