{
  "accuracy": 0.8499415511801426,
  "precision": 0.9461048743743014,
  "recall": 0.17685721423542505,
  "f1_score": 0.2980073399691553,
  "auroc": 0.5873221320937172,
  "wall_time": 8.823018550872803,
  "cpu_time": 7.850913968999999,
  "token_per_sec": 290200.79525353736
}