{"accuracy": 0.8499415511801426, "precision": 0.9461048743743014, "recall": 0.17685721423542505, "f1_score": 0.2980073399691553, "auroc": 0.5873221320937172, "wall_time": 4.622853994369507, "cpu_time": 4.596391698999999, "token_to_sec": 553867.1571973818}